DogName	 Count
BELLA	111
BUDDY	81
SADIE	69
BAILEY	65
DAISY	65
MAX	65
LUCY	64
CHARLIE	60
JACK	55
MAGGIE	55
COOPER	52
GINGER	51
MOLLY	49
KENAI	48
LILY	48
LUNA	48
WILLOW	47
BEAR	45
ABBY	44
DENALI	42
ROCKY	42
ROXY	42
DUKE	40
RILEY	40
TOBY	39
KODA	37
HARLEY	35
LADY	35
CHLOE	34
SHADOW	34
PEPPER	33
LUCKY	32
SOPHIE	32
LOLA	31
RUBY	31
JAKE	30
JASPER	29
ROSIE	29
BANDIT	28
DIESEL	27
SCOUT	27
YUKON	27
BUSTER	26
COCO	26
GUS	26
MILO	25
ZOEY	25
LILLY	24
BENTLEY	23
LOKI	23
PENNY	23
PIPER	23
STELLA	23
ZOE	23
ANNIE	22
OSCAR	22
SASHA	22
FINN	21
KODIAK	21
RUGER	21
BLUE	20
DAKOTA	20
EMMA	20
JAX	20
KONA	20
MARLEY	20
OLIVER	20
RAVEN	20
SAM	20
THOR	20
TUCKER	20
MURPHY	19
SUGAR	19
BAXTER	18
CHEWY	18
ELLIE	18
GRACIE	18
KISKA	18
OREO	18
RANGER	18
TITAN	18
BO	17
CHANCE	17
KATIE	17
OTIS	17
WINSTON	17
ANGEL	16
ATHENA	16
BELLE	16
HENRY	16
LEO	16
MIA	16
MINNIE	16
OLIVE	16
SPARKY	16
CODY	15
HAZEL	15
JACKSON	15
LEXI	15
NALA	15
SUNNY	15
TAZ	15
TEDDY	15
COPPER	14
DEXTER	14
DOZER	14
GEORGE	14
GIZMO	14
HUNTER	14
IZZY	14
OAKLEY	14
SITKA	14
DESHKA	13
FRANKIE	13
HANK	13
JOEY	13
LOUIE	13
MADDIE	13
MCKINLEY	13
MISSY	13
MOOSE	13
PEANUT	13
PHOEBE	13
SAMPSON	13
ZEUS	13
APOLLO	12
CHENA	12
COOKIE	12
DIXIE	12
GUNNER	12
HONEY	12
JUNO	12
KOBUK	12
MISTY	12
OLLIE	12
SAMMY	12
TANK	12
TYSON	12
ASPEN	11
BRODY	11
COCOA	11
DALLAS	11
DIAMOND	11
KAI	11
LAYLA	11
MAYA	11
MICKEY	11
ODIN	11
POPPY	11
RUFUS	11
RYDER	11
SANDY	11
SMOKEY	11
SPIKE	11
ZIGGY	11
ACE	10
BABY	10
BOO	10
BRUTUS	10
HOMER	10
JASMINE	10
LULU	10
MAXIMUS	10
MOCHA	10
RIPLEY	10
ROMEO	10
ROSCOE	10
RUSTY	10
SAMANTHA	10
SASSY	10
SCOOTER	10
SCRAPPY	10
STORMY	10
ZEKE	10
AURORA	9
BEAU	9
BOOMER	9
BRUNO	9
CASEY	9
CHICO	9
COSMO	9
DOLLY	9
FOXY	9
KOA	9
LOGAN	9
LUKE	9
MILLIE	9
NOVA	9
ONYX	9
REMY	9
REX	9
RIVER	9
ROXIE	9
SKY	9
ANGUS	8
BLAZE	8
BUBBA	8
CALI	8
CALLIE	8
CASH	8
EDDIE	8
GIGI	8
JAZZ	8
KING	8
KINLEY	8
MADDY	8
MATTIE	8
MISHKA	8
NELLIE	8
NINA	8
PARKER	8
PEARL	8
PRINCESS	8
ROCCO	8
ROO	8
RUDY	8
SHELBY	8
SKYE	8
SNICKERS	8
TRIGGER	8
TRIXIE	8
ALYESKA	7
BANJO	7
BEN	7
BENNY	7
BERNIE	7
BRUCE	7
BUTTERS	7
CAESAR	7
CHEWIE	7
CHICA	7
CHINOOK	7
CHIP	7
CINNAMON	7
CRICKET	7
DASH	7
DAWSON	7
ELLA	7
ELSA	7
FRITZ	7
GOLDIE	7
HANNAH	7
HOLLY	7
ISABELLA	7
JADE	7
JOSIE	7
KAISER	7
KAYA	7
KIKI	7
KOKO	7
LENNY	7
MAISY	7
MOJO	7
ODIE	7
PETE	7
PIXIE	7
PORTER	7
PRINCE	7
RASCAL	7
ROCKET	7
SALLY	7
SHEBA	7
SIMBA	7
SNOOPY	7
STANLEY	7
STAR	7
SYDNEY	7
TAZLINA	7
TILLY	7
WATSON	7
WILLIE	7
WINNIE	7
YUKI	7
APRIL	6
ABIGAIL	6
ALLIE	6
ATLAS	6
AXEL	6
BOB	6
BOBBY	6
BONNIE	6
BOWSER	6
CASSIE	6
CHAMP	6
DAX	6
DOC	6
DRAKE	6
DUDE	6
DUSTY	6
ECHO	6
FRODO	6
HATCHER	6
HOPE	6
ISIS	6
JESSIE	6
JOE	6
JUNIOR	6
KITA	6
LINCOLN	6
MACY	6
MASON	6
MAUI	6
MIDNIGHT	6
NIKKI	6
NIKO	6
NUGGET	6
OTTO	6
PENELOPE	6
PERCY	6
PRECIOUS	6
RADAR	6
RED	6
REMINGTON	6
RIGBY	6
RIO	6
ROGUE	6
ROSE	6
ROWDY	6
SARA	6
SARAH	6
SARGE	6
SHILOH	6
SIERRA	6
SIMON	6
STORM	6
SWEETIE	6
TIMBER	6
TITUS	6
TRAPPER	6
YODA	6
ABBEY	5
ALICE	5
AMBER	5
ANDY	5
ARLO	5
AVA	5
BABE	5
BAUER	5
BETTY	5
BODHI	5
BRADY	5
BRISTOL	5
BRODIE	5
BUTCH	5
BUZZ	5
CAPTAIN	5
CEDAR	5
CHAI	5
CHARLOTTE	5
CHASE	5
CHEVY	5
CHIEF	5
CHOPPER	5
CINDER	5
CLEO	5
COAL	5
DELILAH	5
DIGGER	5
DJ	5
DOBBY	5
ELI	5
ELVIS	5
EVA	5
FANCY	5
FRECKLES	5
GERTIE	5
GOOSE	5
GRACE	5
GRIZZLY	5
HARVEY	5
HEIDI	5
JAXON	5
JUNEAU	5
KALI	5
KIERA	5
KIMBER	5
LEIA	5
LILA	5
MILA	5
MIMI	5
MOKI	5
MORGAN	5
MYA	5
NUKKA	5
PAPI	5
PATCH	5
PATCHES	5
PEACHES	5
QUINN	5
REMI	5
ROLO	5
SCARLETT	5
SCOOBY	5
SHERMAN	5
SOPHIA	5
SQUIRREL	5
SUNSHINE	5
TALLULAH	5
TIGER	5
TOTO	5
TRINITY	5
TROOPER	5
VIOLET	5
WRIGLEY	5
XENA	5
ZELDA	5
ZIVA	5
ABBIE	4
ACHILLES	4
AJAX	4
ALI	4
ANNA	4
ARCHIE	4
AUTUMN	4
AYLA	4
BABY GIRL	4
BARKLEY	4
BARLEY	4
BENJI	4
BOLT	4
BORIS	4
BRANDY	4
BROWNIE	4
CASPER	4
CHESTER	4
CLYDE	4
COHO	4
COLBY	4
CORA	4
COWBOY	4
CUPCAKE	4
DANTE	4
DAPHNE	4
DIEGO	4
DYLAN	4
EMBER	4
EMMETT	4
ENZO	4
ESKA	4
FELIX	4
FINLEY	4
FIONA	4
FRANK	4
FREYA	4
FREYJA	4
GABBY	4
GINNY	4
GLORY	4
GUNNAR	4
GYPSY	4
HAPPY	4
HERCULES	4
HERO	4
HOSS	4
HUDSON	4
IVY	4
JAEGER	4
JAGER	4
JENNY	4
JETHRO	4
JIMMY	4
JOY	4
KANE	4
KARMA	4
KAYLEE	4
KEENA	4
KETA	4
KILO	4
KIRA	4
KIRBY	4
KOBE	4
KRATOS	4
KUMA	4
LACEY	4
LIBERTY	4
MAC	4
MAPLE	4
MATILDA	4
MERLIN	4
MILEY	4
MOE	4
MOLLIE	4
MONKEY	4
MONSTER	4
NIKE	4
NOODLES	4
NYX	4
OLAF	4
OLIVIA	4
O'MALLEY	4
OZZY	4
PIPPEN	4
RAGNAR	4
REBEL	4
RINGO	4
ROCKO	4
ROGER	4
ROSCO	4
SABLE	4
SAMSON	4
SAWYER	4
SEAMUS	4
SKIPPY	4
SNOWBALL	4
SOX	4
SUMMER	4
SUSIE	4
TASHA	4
TATER TOT	4
TAYLOR	4
TESLA	4
TESS	4
TESSA	4
THEO	4
THUNDER	4
TIA	4
TIGGER	4
TIKAANI	4
TINKERBELL	4
TITO	4
TUFFY	4
TUNDRA	4
WHISKEY	4
WILSON	4
WOODY	4
WRANGELL	4
ZEPHYR	4
ZORRO	4
JUNE	3
ADAK	3
ADDIE	3
ALLY	3
ANGIE	3
ANUBIS	3
ARCHER	3
ARES	3
ARIES	3
ARYA	3
ASTRO	3
ATIGUN	3
ATKA	3
ATTICUS	3
AVERY	3
AZUL	3
BALOO	3
BAM BAM	3
BAMBI	3
BEAN	3
BIGGS	3
BINGO	3
BISCUIT	3
BLANCA	3
BODIE	3
BOGEY	3
BOJANGLES	3
BOOGIE	3
BOOTS	3
BOOTSIE	3
BOSCO	3
BOSS	3
BOSTON	3
BREE	3
BROOKLYN	3
BROOKS	3
BUCK	3
BUD	3
CABO	3
CAPONE	3
CASPIAN	3
CEASAR	3
CECIL	3
CHEWBACCA	3
CHILI	3
CHUBBS	3
CISCO	3
CLOVER	3
COLE	3
COMET	3
CRUISER	3
CUJO	3
DAISY DUKE	3
DAISY MAE	3
DARWIN	3
DEUCE	3
DHARMA	3
DINGO	3
DINO	3
DIVA	3
DORA	3
DOT	3
DOUGLAS	3
DRACO	3
DUDLEY	3
DUNCAN	3
DUTCH	3
DUTCHESS	3
EASTON	3
EBONY	3
ERIS	3
FLETCHER	3
FLUFFY	3
FRANKLIN	3
FRED	3
GALENA	3
GAUGE	3
GEMMA	3
GEORGIA	3
GHOST	3
GOLIATH	3
GROOT	3
GROVER	3
HAMLET	3
HARLOW	3
HARPER	3
HAVOC	3
HUCK	3
HUGO	3
HURLEY	3
IKE	3
INDIE	3
INDIGO	3
INDY	3
JACKIE	3
JAZMINE	3
JD	3
JEDI	3
JELLY BEAN	3
JEMMA	3
JESSE	3
JEZEBEL	3
JILL	3
JJ	3
JOJO	3
JULIE	3
KATO	3
KATY	3
KEIKO	3
KHALEESI	3
KINGSTON	3
KIPPER	3
KODI	3
KODY	3
KOOPER	3
KOTA	3
LAIKA	3
LEAH	3
LEELA	3
LIBBY	3
LINK	3
LIZZIE	3
LIZZY	3
LUKA	3
LYLA	3
LYRIC	3
MACKENZIE	3
MAE	3
MAIZY	3
MAJOR	3
MARCO	3
MARY	3
MAVERICK	3
MAXWELL	3
MISHA	3
MISKA	3
MISTER	3
MOSES	3
MOXIE	3
MUFFIN	3
MURRAY	3
NACHO	3
NEKO	3
NELCHINA	3
NEMO	3
NEO	3
OLIE	3
OPIE	3
ORION	3
OSO	3
PACO	3
PADME	3
PATTON	3
PAXSON	3
PEBBLES	3
PETER	3
PIKACHU	3
PILOT	3
PIXEL	3
POLARIS	3
POLLY	3
PONCHO	3
PRUDHOE	3
QUEEN	3
QUEENIE	3
RAIDER	3
RAMBO	3
REBA	3
REGGIE	3
REMUS	3
RENO	3
ROBBIE	3
ROLLY	3
ROSEY	3
RYKER	3
SAGE	3
SAILOR	3
SAMMI	3
SCARLET	3
SCRUFFY	3
SCULLY	3
SHADY	3
SHAE	3
SHAYLA	3
SIDNEY	3
SKIPPER	3
SOLO	3
SONNY	3
SPENCER	3
SPIRIT	3
SPOCK	3
SPOT	3
SPROCKET	3
STEVE	3
SUKI	3
SUMMIT	3
SUZIE	3
SWEET PEA	3
TAZER	3
TED	3
TEEKA	3
TIPPY	3
TOBEY	3
TOK	3
TONKA	3
TONKS	3
TORI	3
TRUDY	3
TRUFFLE	3
TSUNAMI	3
TUG	3
TURBO	3
WALKER	3
WALLY	3
WALTER	3
WILEY	3
WINCHESTER	3
XANDER	3
ADA	2
ADDY	2
AKIRA	2
ALEX	2
ALEX BARRY	2
ALEXIS	2
ALVIN	2
AMERICA	2
ANA	2
ANNABELLE	2
APPA	2
ARMANI	2
ARNOLD	2
ARTEMIS	2
ARTIE	2
ASHA	2
ATTU	2
AUGUSTUS	2
AUSTIN	2
AXL	2
BAKER	2
BALTO	2
BANE	2
BARNEY	2
BAYLEE	2
BEA	2
BEANIE	2
BEANS	2
BEAST	2
BEAUFORT	2
BEBE	2
BELL	2
BENELLI	2
BENNIE	2
BENTLY	2
BEORN	2
BERTIE	2
BETSY	2
BEYLA	2
BIG MAC	2
BILL	2
BILLY	2
BINDI	2
BINO	2
BJORN	2
BLACK JACK	2
BLACKIE	2
BLACKY	2
BLAKE	2
BLEU	2
BLITZ	2
BLIZZARD	2
BLONDIE	2
BLU	2
BOBO	2
BODE	2
BOMBER	2
BOONE	2
BOSSY	2
BOULDER	2
BOWEN	2
BREEZE	2
BREWSKI	2
BRIAN	2
BRIDGER	2
BRIDGETTE	2
BRIO	2
BROOK	2
BUBBLES	2
BUDDIE	2
BULLET	2
BUSTER BROWN	2
BUTTERSCOTCH	2
BUTTONS	2
CADEN	2
CALVIN	2
CALYPSO	2
CANDY	2
CARAMEL	2
CARL	2
CARLY	2
CARRIE	2
CASSIDY	2
CEASER	2
CECE	2
CESAR	2
CHACO	2
CHAPO	2
CHARLEY	2
CHIBI	2
CHIO	2
CHUCHO	2
CINDY	2
CLAIRE	2
CLIFFORD	2
COLT	2
CONNOR	2
CORKY	2
COTTON	2
CRUZ	2
CRYSTAL	2
D.O.G.	2
DAISEY	2
DAISY MAY	2
DANGER	2
DANI	2
DANNY	2
DARBY	2
DARLA	2
DASHER	2
DECLAN	2
DEE DEE	2
DEISEL	2
DEL	2
DELTA	2
DEMON	2
DERBY	2
DETROIT	2
DIZZY	2
DJANGO	2
DOMINO	2
DOOBIE	2
DOOLEY	2
DORY	2
DOUGIE	2
DRAGON	2
DUBLIN	2
DUCHESS	2
DUFFY	2
DUGAN	2
DYLLON	2
DYNA	2
EDWARD	2
EESHAN	2
EEVEE	2
EIN	2
EINSTEIN	2
ELEANOR	2
ELGIN	2
ELIAS	2
ELSIE	2
EMMIT	2
EMMITT	2
EMMY	2
EVE	2
FAITH	2
FALCOR	2
FARLEY	2
FARRAH	2
FENWAY	2
FERGUS	2
FERN	2
FINNEGAN	2
FLASH	2
FLIP	2
FLOWER	2
FLY	2
FORD	2
FREDDIE	2
FREDDY	2
FREEDOM	2
GABY	2
GAGE	2
GATSBY	2
GENO	2
GIBBS	2
GIDEON	2
GIDGET	2
GIMLI	2
GIRL	2
GLACIER	2
GOOFY	2
GRETA	2
GRETCHEN	2
GRIFFIN	2
GROMIT	2
GUCCI	2
GUINESS	2
GUMBO	2
HAKU	2
HALO	2
HANNIBAL	2
HAROLD	2
HAYDEN	2
HAYLEE	2
HEALY	2
HEATHER	2
HECTOR	2
HENDRIX	2
HERA	2
HERSHEY	2
HOBBS	2
HONDO	2
HONEY BEAR	2
HOOPER	2
HOOVER	2
HOWIE	2
HUXLEY	2
ICY	2
IGGY	2
IRIS	2
ISA	2
ISABEL	2
ISADORA	2
IZZIE	2
JADEN	2
JANE	2
JANGO	2
JAXX	2
JAZZY	2
JEEP	2
JERSEY	2
JET	2
JETT	2
JINGLE	2
JINGLES	2
JOANIE	2
JONAH	2
JOSEPHINE	2
JUDGE	2
JUDY	2
JULES	2
KAHLUA	2
KAIA	2
KAIZER	2
KANGA	2
KANYE	2
KAOS	2
KATE	2
KEELY	2
KEETA	2
KEETNA	2
KELLY	2
KEVIN	2
KHAN	2
KIA	2
KIANA	2
KIJIK	2
KIKO	2
KILLIAN	2
KIP	2
KISKI	2
KIT	2
KLAUS	2
KNIK	2
KNUCKLES	2
KODIE	2
KOGA	2
KOVU	2
KRYSTAL	2
LACY	2
LADY BUG	2
LALA	2
LAMBEAU	2
LANA	2
LARA	2
LEDA	2
LENA	2
LEROY	2
LEVI	2
LEXIE	2
LIAM	2
LILAH	2
LILLI	2
LITTLE BEAR	2
LITTLE GIRL	2
LOU	2
LUCI	2
LULA	2
LUMI	2
LYRA	2
MABEL	2
MACEY	2
MACIE	2
MACK	2
MADELINE	2
MADISON	2
MAGPIE	2
MAHLI	2
MAISIE	2
MALI	2
MANDY	2
MARA	2
MARCUS	2
MARIA	2
MARIAH	2
MARSHALL	2
MARTY	2
MARY JANE	2
MAVIS	2
MCKENZIE	2
MEATBALL	2
MELISSA	2
MERCEDES	2
MERCY	2
MERRY	2
MIKE	2
MIKEY	2
MIKO	2
MILENA	2
MILES	2
MILLY	2
MINDI	2
MINER	2
MINI	2
MINI COOPER	2
MINION	2
MINKA	2
MJ	2
MONGO	2
MONTE	2
MONTY	2
MURPH	2
MYAH	2
MYLES	2
NADIA	2
NAHLA	2
NAKITA	2
NANOOK	2
NELLY	2
NERO	2
NICKI	2
NICO	2
NIKA	2
NIKKO	2
NIKOLAI	2
NILES	2
NILLA	2
NINJA	2
NITRO	2
NOAH	2
NORA	2
NORM	2
NORMAN	2
NORTH	2
NUKA	2
OBI	2
OLI	2
OLLY	2
OLY	2
OPHELIA	2
ORVIS	2
OSITO	2
OSWIN	2
OTTER	2
OZZIE	2
PALMER	2
PANDA	2
PARIS	2
PAX	2
PAYTON	2
PEDRO	2
PEGGY	2
PENNI	2
PENNY LANE	2
PEPE	2
PEPITO	2
PETEY	2
PETRA	2
PETUNIA	2
PHEOBE	2
PHOENIX	2
PIKA	2
PIPPIN	2
PITA	2
POLAR BEAR	2
POLO	2
PONYO	2
POOH BEAR	2
POOKIE	2
POTTER	2
PRANCER	2
PRIM	2
PUGSLEY	2
PUNKY	2
RAINA	2
RALEIGH	2
RALPH	2
RAMONA	2
RAMPAGE	2
RASTA	2
RAZOR	2
RED DOG	2
REESE	2
REMMY	2
RHUBARB	2
RICKY	2
RICO	2
RJ	2
ROBBY	2
ROBY	2
ROCKEY	2
ROHN	2
ROMA	2
ROMAN	2
RONAN	2
ROSSI	2
ROXANNE	2
ROXI	2
RUDI	2
RUE	2
RUPERT	2
RUSSELL	2
SABBATH	2
SABINE	2
SABRE	2
SAKARI	2
SAKO	2
SAL	2
SALCHA	2
SAMI	2
SAMMIE	2
SAMURAI	2
SAVANNAH	2
SCAMP	2
SCHNITZEL	2
SEBASTIAN	2
SEDONA	2
SETH	2
SEVEN	2
SHAGGY	2
SHAKESPEARE	2
SHANE	2
SHASTA	2
SHEA	2
SHEEBA	2
SHELDON	2
SHERLOCK	2
SHILO	2
SHOOTER	2
SHORTY	2
SHYLA	2
SID	2
SIENNA	2
SILAS	2
SIRI	2
SITA	2
SKEETER	2
SKIFF	2
SKITTLES	2
SNICKERDOODL	2
SNOOKIE	2
SNOW	2
SNOWY	2
SOCKS	2
SODA	2
SOLDIER	2
SPEC	2
SPEEDY	2
SPICE	2
SPRING	2
STARBUCK	2
STERLING	2
STEVIE	2
SUE	2
SUKA	2
SVEN	2
SWAN	2
SYLVIE	2
TACO	2
TAKU	2
TALLY	2
TANA	2
TANGO	2
TANNER	2
TARA	2
TATER	2
TEBOW	2
TEX	2
THEODORE	2
TIKA	2
TIKI	2
TIKKA	2
TINA	2
TINK	2
TINKER	2
TINY	2
TIVA	2
TOBIAS	2
TOBIE	2
TOGO	2
TRACKER	2
TROUBLE	2
TROY	2
TUCK	2
TULA	2
TUX	2
TYRONE	2
UNA	2
VADER	2
VALOR	2
WARLOCK	2
WILLA	2
WILLIS	2
WOODROW	2
WOOKIE	2
WYATT	2
YETI	2
ZEEK	2
ZENA	2
ZERO	2
ZEVA	2
ZIPPO	2
ZORA	2
ZORBA	2
ZOYA	2
ZUES	2
ZUZU	2
MAY	1
JULY	1
TUESDAY	1
WEDNESDAY	1
FRIDAY	1
3 OF HEARTS	1
68 WHISKEY	1
AASA	1
AATU	1
ABBI	1
ABE	1
ABERLOUR	1
ABI	1
ABNER	1
ABRAHAM	1
ACER	1
ACORN	1
ADAM	1
ADDIE MAE	1
ADELAIDE	1
ADELE	1
ADELYN	1
ADOBE	1
ADORA	1
AGAPE	1
AGATE	1
AGATHA	1
AGLU	1
AGNES	1
AIKO	1
AIOFA	1
AIYANA	1
AK	1
AKEELA	1
AKI	1
AKIVA	1
AKUTAN	1
ALAKA'I	1
ALAKANUK	1
ALAN	1
ALASKA	1
ALBERT E III	1
ALEUTIA	1
ALEXANDER	1
ALEXIA	1
ALEXXEE	1
ALF	1
ALFALFA	1
ALFIE	1
ALI BABA	1
ALIANA	1
A-LIEN	1
ALINAFREYA	1
ALLIE GIRL	1
ALLY MAY	1
ALTA	1
AMAK	1
AMBERLYN	1
AMELIA	1
AMELIA GREEN	1
AMICO	1
AMIRA	1
AMMO	1
AMOS	1
AMY	1
ANAKIN	1
ANCHOR	1
ANDRE	1
ANGEL LOLA	1
ANGELINA	1
ANI	1
ANIA	1
ANIAK	1
ANIOT	1
ANNABELL	1
ANNABELLA	1
ANNAPURNA	1
ANNI	1
ANNIE BELLE	1
ANOUK	1
ANOWIK	1
ANTHONY CRIT	1
APHRODITE	1
APLLYN	1
APPLE	1
ARBELL	1
ARCADIA	1
ARCHIE E.	1
ARDBEG	1
AREC	1
AREZ	1
ARGOS	1
ARHI	1
ARI	1
ARIA	1
ARIE	1
ARIEL	1
ARISTOTLE	1
ARIYANA	1
ARORA	1
ARROW	1
ARTHUR	1
ARTI	1
ARTY	1
ARWEN	1
ARY	1
ASH	1
ASHE	1
ASHER	1
ASHLEIGH	1
ASTA	1
ASUKA	1
ATILLA	1
ATL	1
ATOS	1
ATREYU	1
ATTIE	1
AUBREY	1
AUBY	1
AUDI MURPHEY	1
AURELIA	1
AURI	1
AUTZEN	1
AUXEN	1
AVALANCHE	1
AXLE	1
AXTON	1
AY JAY	1
AYAAYA	1
AZULA	1
AZULZ	1
B.B.	1
BAAN	1
BABY BOY	1
BABY BYE BYE	1
BABY DOG	1
BABY TANK	1
BABYGIRL	1
BACCHUS	1
BADGER	1
BAE	1
BAGHEERA	1
BAHLOO	1
BAILEE	1
BAILEY BEAR	1
BAILEYS	1
BAILY	1
BAIYA	1
BALLI	1
BALOU	1
BAMBOO	1
BANDIDO	1
BANSHEE	1
BARA	1
BARCLAY	1
BARDOT	1
BARKELY	1
BARKUS	1
BARLOW	1
BARNABAS	1
BARNABY	1
BARON	1
BARRACUDA	1
BARRET	1
BARRETT	1
BARRY 2	1
BARTHOLOMEW	1
BARTLETT	1
BAS	1
BASIL	1
BASKER	1
BASTE	1
BATMAN	1
BAUBINO	1
BAYA	1
BAYLA	1
BAYLEY	1
BAYWOLF	1
BB	1
BEAMER	1
BEANSIDHE	1
BEAR BAIT	1
BEARCOOT	1
BEAUREGARD	1
BEAUTI	1
BEAUX	1
BECA	1
BECKER	1
BECKY	1
BEEF	1
BEETLE	1
BELIEVER	1
BELINDA	1
BELLA (RUBY)	1
BELLA STAR	1
BELLADONA	1
BELLATRIX	1
BELLE VOM CI	1
BELUGA	1
BELVEDERE	1
BENITO	1
BENNETT	1
BENSON	1
BERETTA	1
BERGERON	1
BERNADETTE	1
BERNARD	1
BERNOULLI	1
BERRY	1
BERT	1
BERTUZZI	1
BESSA	1
BESSIE	1
BESTE	1
BETA	1
BETTIE	1
BETTLES	1
BETTY BOOP	1
BETTY JEAN	1
BHELIN	1
BIANCA	1
BIBI	1
BIESEN	1
BIG BABY	1
BIG BEN	1
BIGGIE	1
BIGGIE SMALL	1
BING	1
BIRCH	1
BISHOP	1
BISKET	1
BITTY	1
BITZER	1
BIXBY	1
BJ	1
BLACK BEAR	1
BLACK TIE	1
BLACKJACK	1
BLESSING	1
BLING	1
BLISS	1
BLOSSOM	1
BLUE BELL	1
BLUE BELLE	1
BLUEBERRY	1
BLUSH	1
BLUTO	1
BOBA	1
BOBOI	1
BOCEPHUS	1
BODEE	1
BODI	1
BODYBAG	1
BOGIE	1
BOGZ	1
BOJAY	1
BOND	1
BONDI	1
BONES	1
BONGO	1
BONITA	1
BONNIE BLUE	1
BOO BEAR	1
BOO BOO	1
BOOBOO	1
BOOJO	1
BOOKER	1
BOOSIE	1
BOOZIE	1
BORA	1
BORIA	1
BOTIJA	1
BOURRE	1
BOW	1
BOWEE	1
BOWMORE	1
BRADDAH	1
BRADLEY	1
BRAM	1
BRAMI	1
BRANDEE	1
BRANDI	1
BRANDO	1
BRAUM	1
BRAVE	1
BRAYA	1
BRECK	1
BREEZI	1
BRENIN	1
BRENNER	1
BRETA	1
BRETT	1
BREW	1
BRIA	1
BRIANA	1
BRIGGS	1
BRIIZY	1
BRINDI	1
BRINDLE	1
BRIOSCA	1
BRISA	1
BRIX	1
BROCK	1
BRODDI	1
BRODY DUNCAN	1
BRODY JOE	1
BROGAN	1
BROM	1
BRONCO	1
BRONIUS	1
BRONSON	1
BRONX	1
BROSEPH	1
BROTHER	1
BROWN DAWG	1
BROXY	1
BRUCE WAYNE	1
BRUISER	1
BRUJAH	1
BRUNDI	1
BRUSH	1
BRUZER	1
BRYCE	1
BRYLEE	1
BRYN	1
BRYNDLE	1
BRYNN	1
BUBA	1
BUBBLEZ	1
BUCKAROO	1
BUCKET	1
BUCKLEY	1
BUCKSHOT	1
BUCKY	1
BUDDERKUP	1
BUDDI	1
BUDDY BOY	1
BUDSY	1
BUELLER	1
BUG	1
BUGS	1
BUGSBY	1
BUGSY	1
BULLITT	1
BULLSEYE	1
BUNKIE	1
BUNTA	1
BURKE	1
BURLY	1
BURNER	1
BURT	1
BURTON	1
BUSHIDO	1
BUSHWA	1
BUSTER SHARP	1
BUSY	1
BUTKUS	1
BUTTER	1
BUTTERCUP	1
BUTTON	1
BUXTON	1
BYRON	1
C STREET	1
C.B.	1
C.C.	1
CABOOSE	1
CACHE	1
CAITE BEL	1
CALAMITY	1
CALI ANNE	1
CALLAHAN	1
CALLI	1
CALLIE MAE	1
CALLIE ROSE	1
CALLY	1
C'AMAI	1
CAMDEN	1
CAMERON	1
CAMI	1
CAMILLE	1
CAMPER	1
CANDACE	1
CANISA	1
CANYON	1
CAPOTE	1
CAPTAIN REX	1
CARAH	1
CARDHU	1
CARDI	1
CARL 2.0	1
CARLEY	1
CARLIE	1
CARLOS	1
CARM	1
CARSON	1
CASCADE	1
CASIE	1
CASLOW	1
CASSI	1
CASSIE JO	1
CASSINI	1
CASTOR	1
CAT	1
CATHERINE	1
CECI	1
CECILIA	1
CEECEE	1
CEIBA	1
CELIA CRUZ	1
CELIE	1
CELLI	1
CELLO	1
CENA	1
CET	1
CEZAR	1
CHACHII	1
CHAD	1
CHAGA	1
CHAHTA	1
CHAKA	1
CHAMPION	1
CHANCEY	1
CHAOS	1
CHAPPO	1
CHARGER	1
CHARLAMAGNE	1
CHARLEE	1
CHARLIE GIRL	1
CHARLIEBROWN	1
CHARLY	1
CHARMIN	1
CHAUNCEY	1
CHAY	1
CHAZ	1
CHAZZ	1
CHEECHAKO	1
CHEEKY	1
CHEETO	1
CHEIF	1
CHELSEA	1
CHENA ROSE	1
CHERI	1
CHESSIE	1
CHESSIEA	1
CHEWAWA	1
CHEWBARKA	1
CHEWBELLA	1
CHEWEE	1
CHEWEY	1
CHEYENNE	1
CHIANA	1
CHICHI	1
CHICKADEE	1
CHICORY	1
CHIGNIK	1
CHIKA	1
CHILE	1
CHILIE	1
CHILLI	1
CHING CHING	1
CHINO	1
CHINOBI	1
CHIPS	1
CHIQUITA	1
CHITU	1
CHOCCO	1
CHOCO	1
CHOCOLAT	1
CHOCOLATE	1
CHOLO	1
CHOP	1
CHRISSY	1
CHUB	1
CHUBBERS	1
CHUCK	1
CHUCKIE	1
CHUCKY	1
CHUE	1
CHULA BELL	1
CHULI	1
CHUM	1
CHUMS	1
CHUNK	1
CHURCHILL	1
CHUY	1
CIARA	1
CICERO	1
CIDER	1
CIDLEE	1
CIDLEY	1
CILLY	1
CINCH	1
CINDERS	1
CINNY	1
CIRI	1
CISCO KID	1
CLAIREE	1
CLAM	1
CLARK	1
CLAY	1
CLEASTWOOD	1
CLECO	1
CLEO2	1
CLEOPATRA	1
CLETUS	1
CLIDE	1
CLOEY	1
CO CO	1
COALBY	1
COATY	1
COBALT	1
COCHISE	1
COCO PUFF	1
CODA	1
CODY BEAR	1
CODY SANCHEZ	1
COLBY LYNNE	1
COLD WATER	1
COLLIS	1
CONNER	1
COOTA	1
COOTER	1
COPA	1
COPE	1
COQUI	1
CORAL BLUE	1
CORDELIA	1
CORDUROY	1
COREY	1
CORVETTE	1
CORWIN	1
COSA	1
COUGAR	1
COURAGE	1
COUSTEAU	1
COUVER	1
COVEY	1
COWGIRL	1
CRACKERS	1
CRISSY	1
CROSBY	1
CROUTON	1
CROWLEY	1
CRUSH	1
CRUZER	1
CRUZIER	1
CUB	1
CUBBY	1
CUBBY 2	1
CUBBY BEAR	1
CUCOY	1
CUDDIE	1
CUDDLES	1
CUDDY	1
CURLY	1
CURLY-GIRL	1
CURRIE	1
CURTIS	1
CUTIE	1
CUTIE PIE	1
CUTTER	1
CYNDER	1
D2	1
DA VINCI	1
DAFFY	1
DAGAN	1
DAGNY	1
DAISEY MAE	1
DAISY DOO	1
DAISY DUKES	1
DAJAK	1
DAKODA	1
DALAI	1
DANA	1
DANDELION	1
DANDY	1
DANFORT	1
DANIELLE	1
DANIKIS	1
DANNER	1
DANNIE	1
DARCIE	1
DARCY	1
DARIUS	1
D'ARTAGNON	1
DARTH	1
DAUBI	1
DAVINCHY	1
DAVOS	1
DAVY JONES	1
DAY	1
DAYNA	1
DAYTON	1
DAZZLE	1
D'BO	1
DD	1
DEAN	1
DECKER	1
DECODE	1
DEEDEE	1
DEEVA	1
DEEZLE	1
DEGORY	1
DEIGO	1
DEKE	1
DELIAH	1
DELKO	1
DELLA	1
DELYA	1
DEMI	1
DEMPSEY	1
DENAHI	1
DENALI DARLING	1
DENEKI	1
DENEKI 4	1
DEOGI	1
DESDEMONA	1
DESIRAE	1
DESSA	1
DESTINY	1
DEVON	1
DEWBEE	1
DEWIE	1
DEWY	1
DEX	1
DEXTOR	1
DEXY	1
DIANA	1
DIBS	1
DICE	1
DIDDLEY	1
DIESEL AVA	1
DIEZ	1
DIGBY	1
DILILA	1
DILLNGER	1
DILLON	1
DIME BAG	1
DINA	1
DINAH	1
DING	1
DIONES	1
DIPPER	1
DISCO	1
DISNEY	1
DITTO	1
DIVER	1
DIXON	1
DOGGIE	1
DOGLAS	1
DOGMEAT	1
DOKY	1
DOLCE	1
DOLLA	1
DOMINUS	1
DONAL ABU	1
DOOBEY	1
DOOBY	1
DOODLE	1
DOOGAN	1
DOOZER	1
DOOZEY	1
DORI	1
DOTTIE	1
DOTTIE MAE	1
DOUG	1
DOUGAL	1
DOZZER	1
DR BANNER	1
DRANZER	1
DRAVF	1
DREAM	1
DREGO	1
DROOPY	1
DUALLY	1
DUCK DUCK	1
DUCKEY	1
DUCT TAPE	1
DUGAS	1
DULCE	1
DUNCAN JR	1
DUNZO	1
DUTCH VIRDEN	1
DUTCHES	1
DUX	1
DYGGUR	1
DYLO	1
E.Z. RYDER	1
EBERT	1
ECHO 2	1
EDDY	1
EDGAR	1
EDISON	1
EDNA	1
EETSA	1
EHU	1
EIGHT	1
EISEN	1
EKLUTNA	1
ELBE	1
ELE ELE	1
ELFMAN	1
ELIJAH	1
ELIOT	1
ELIZABETH	1
ELLA BELLA	1
ELLE	1
ELLERA	1
ELLI	1
ELLI MAE	1
ELLIE BEAN	1
ELLIE MAY	1
ELLIOT	1
ELLIOTT	1
ELLY	1
ELMO	1
ELO	1
ELSU	1
ELVIN	1
ELWAY	1
EMILLIE	1
EMILY	1
EMMA JUNE	1
EMMA RUE	1
EMMET	1
EMMIE	1
ENEW	1
ENUJ	1
EOWYN	1
EQUINOX	1
ERNIE	1
ESCO	1
ESKER	1
ESMA	1
ESME	1
ESPICKY	1
ESPIN	1
ESPO	1
ESSIE	1
ESTRELLA	1
ETTA	1
ETTA MAE	1
EUGENE	1
EURO	1
EVIE	1
EVIE MAY	1
EVVIE	1
EYVERRAE	1
EZEIKEL	1
EZEKIEL	1
FAIRBANKS	1
FAITH ROSE	1
FALCO	1
FALKOR	1
FANCI	1
FANG	1
FANGSIE	1
FARADY	1
FAUKXIE	1
FAUST	1
FAUSTINO	1
FEENA	1
FENDER	1
FERRET	1
FEZZIK	1
FIDO	1
FIEKA	1
FIN	1
FINCH	1
FINNIGAN	1
FINNLEY	1
FIRN	1
FISCHER	1
FISHBONES	1
FISHER	1
FITZ	1
FITZGERALD	1
FIZZIGIG	1
FLAPJACK	1
FLEURY	1
FLICKA	1
FLINT	1
FLINTSTONE	1
FLOPPER	1
FLOPPY	1
FLOSSIE	1
FLOYD	1
FLUFFY BLAZE	1
FLUFFY PANTS	1
FLYNN	1
FORREST	1
FORTE	1
FOSBURY	1
FOSTER	1
FOX	1
FOXY BROWN	1
FOXY ROXY	1
FRANCESCA	1
FRANCOIS	1
FRANKENSTEIN	1
FRANNIE	1
FRASIER	1
FREEWAY	1
FREIDA	1
FREYAH	1
FREZNO	1
FRIDA	1
FROST T	1
FROSTY	1
FRY	1
FUDGE	1
FUJI	1
FUJITA	1
FULTON	1
FURY	1
FYNNLEY	1
FYRNE	1
G MAN	1
G.G.	1
GABBANNA	1
GABE	1
GABRIELLA	1
GADGET	1
GALAXY	1
GANDA	1
GANDALF	1
GATEWAY	1
GATORR	1
GAURU	1
GELIEBTE	1
GEMINI	1
GEMMY	1
GENESIS	1
GEO	1
GEORGETTE	1
GEORGIABELLE	1
GEORGIANNA	1
GEORGIE	1
GEORGIE GIRL	1
GERTY	1
GHIRIE	1
GHOST EYE	1
GIBSON	1
GIDGET ROSE	1
GIL	1
GILLIGAN	1
GIN JAY	1
GINA	1
GINGIN	1
GINSBERG	1
GINZEE	1
GIOVANNI	1
GIRDY	1
GIRLY	1
GISELLE	1
GISMO	1
GLACIER BLUE	1
GLADYZ	1
GLEN BARKLEY	1
GLORY BEA	1
GNASH	1
GOBLIN	1
GOCH	1
GODIVA	1
GOGO	1
GOHAN	1
GOLD	1
GOLFBALL	1
GONZO	1
GOOGLE	1
GOOMBA	1
GOON	1
GORDO	1
GORDY	1
GORGEOUS	1
GORGY	1
GOROU	1
GOTTI	1
GRACIANN	1
GRACIE ANN	1
GRACIE BEAR	1
GRADY	1
GRAINNE	1
GREAT GATSBY	1
GRENDEL	1
GRETA HOLLY	1
GRETA MAE	1
GRETTA	1
GREYCE	1
GREYSON	1
GRIM	1
GRISSOM	1
GRIZABELLA	1
GRIZLEE	1
GRIZZ	1
GRIZZLEY	1
GRIZZY	1
GROMMET	1
GRUMBLE	1
GUARRYS	1
GUINEA	1
GUINNESS	1
GULLY	1
GUNTER	1
GUNTHER	1
GURU	1
GUSSY	1
GUSTAVO	1
GUY	1
GWENIVERE	1
GYPSY GRACE	1
HADLEY	1
HAILEY	1
HALLE	1
HALLE BERRY	1
HALLIE	1
HAMILTON	1
HAMISH	1
HAMMER	1
HAMMOND	1
HAN	1
HANNA	1
HANSON	1
HANZO	1
HARBOR	1
HARKY	1
HARLIE	1
HARMON	1
HARMONY	1
HARRIETT	1
HARRISON	1
HARRY	1
HARRY POTTER	1
HARVEE	1
HARVEY JR	1
HATHOR	1
HATTRICK	1
HAVA	1
HAWLEY	1
HAYDUKE	1
HEIDI MAY	1
HEIDIE	1
HEIRESS	1
HELENA	1
HELIOS	1
HEMERA	1
HEMI	1
HENDO	1
HENK	1
HENNA	1
HENNESSY	1
HENNESY	1
HENREY	1
HERBIE	1
HEREFORD	1
HIGGS	1
HILDY	1
HILO	1
HITO	1
HOAGEY	1
HOBBES	1
HOBO	1
HODIE	1
HOKULANI	1
HOLLYWOOD	1
HOMESLICE	1
HONEY BUNS	1
HONEY TUTU	1
HONEYBEAR	1
HONEYSUCKLE	1
HOOCH	1
HOOTCH	1
HOPPER	1
HOPS	1
HORNSBY	1
HORST	1
HOTHAR	1
HOWDY	1
HUBERT	1
HUCKLE	1
HUCKLEBERRY	1
HUEY	1
HUGO IV	1
HUNDLEY	1
HUNEE	1
HUNNY	1
HURLEY RAE	1
HUSKER	1
HUSKY	1
HUTCH	1
HYAJA	1
HYORI	1
HYTHY	1
ICIS	1
ICON	1
IDA	1
IGNEUS	1
IGOR	1
IIKE	1
ILA	1
ILIAMNA	1
ILLA	1
INDI	1
INDIAN	1
INDIANA	1
INDIANA JONE	1
INFINITEY	1
INGRID	1
INIGO	1
INKAX	1
INKY	1
INNOKO	1
INU	1
IOREK	1
IRA	1
ISABELLA SKY	1
ISABELLE	1
ISHTA	1
ISKUT	1
ISOBEL	1
ISOBELLA	1
ITCHIGO	1
ITCHY BROTHE	1
IVAN	1
IVORY	1
IVY ROSE	1
IZABEL	1
IZABELLE	1
IZEE	1
IZZABELLA	1
IZZI	1
J.T.	1
JABBER	1
JABLES	1
JACC	1
JACK DANIELS	1
JACK FROST	1
JACK WOOFER	1
JACKIE O	1
JACKSON JR	1
JACOB	1
JACOPO	1
JAE JAE	1
JAG	1
JAGIYA	1
JAGO	1
JAILING	1
JAINA	1
JAJA	1
JAK	1
JALAPENO	1
JALAPENO II	1
JALIS	1
JAMBA	1
JAMES	1
JAMESON	1
JANIE	1
JAXSON	1
JAXY	1
JAXZ	1
JAY	1
JAY JAY	1
JAYDA	1
JAYLYN	1
JAYTEE	1
JAZZIE	1
JAZZMIN	1
JEAREK	1
JEB	1
JEBEDIAH	1
JENI	1
JERRY	1
JESS	1
JESSE LEE	1
JESSI	1
JESSICA	1
JESSIE JAMES	1
JESTER	1
JETER	1
JEWEL	1
JEWELS	1
JEZABELLE	1
JEZEBELLE	1
JIFFY	1
JILLIAN	1
JIMMY BUCKET	1
JINKS	1
JINXIE	1
JIPUTA	1
JIROU	1
JITSU	1
JJIN	1
J-LO	1
JO JO	1
JOCKO	1
JOHN	1
JOHNA	1
JOHNNY	1
JOLENE	1
JOLIE	1
JONATHAN	1
JONI	1
JONNI	1
JORDAN	1
JOZY	1
JP	1
JUAN	1
JUBIL	1
JUBILEE	1
JUDAH BEAR	1
JUDE	1
JUGERNAUT	1
JUJU	1
JULIA	1
JULIET	1
JUNE BUG	1
JUNE CARTER	1
JUNEBUG	1
JUNIE	1
JUPITER	1
JUSTINE	1
JUSTY	1
K.C.	1
K.O.	1
KACEE	1
KACI-JADE	1
KADEE	1
KADEN	1
KAHALISI	1
KAHLESSI	1
KAHNTU	1
KAIBAB	1
KAIDA	1
KAILE'A	1
KAILUA	1
KAINANI	1
KAIPO	1
KAISIE	1
KAIYA	1
KAKSI	1
KALA	1
KALEY	1
KALIAH	1
KALILA	1
KALINA	1
KALISTA	1
KALLIE	1
KALUULA	1
KAMEA	1
KAMIE	1
KANANI	1
KANGAROO	1
KANOE	1
KAPPA	1
KAPPY	1
KARRON	1
KASEY	1
KASH	1
KASHI	1
KASKE	1
KASKEA	1
KASON	1
KASPER	1
KASSEL	1
KATALLA	1
KATIANNA	1
KAYDEE	1
KAYDEN	1
KAYMA	1
KAY'NA	1
KAYUH	1
KAZAK	1
KAZZIE	1
KC	1
KD	1
KE$HA	1
KEANU	1
KEELONI	1
KEENEYE	1
KEEPER	1
KEESHA	1
KEIKA	1
KEIRA	1
KEITA	1
KEKOA	1
KELLER	1
KELTY	1
KEN	1
KENIA	1
KENLEY	1
KENNA	1
KENO	1
KENYA	1
KENZI	1
KENZIE	1
KEONA	1
KEPLER	1
KERMIT	1
KERRY	1
KERSHAW	1
KESS	1
KESUGI	1
KETEL	1
KEVA	1
KEYARA	1
KEYONA	1
KEYWII	1
KHALESSI	1
KHALI	1
KHALUA	1
KHAUZI-MOTTO	1
KHERNAL	1
KHLOE	1
KHODA	1
KHOLE	1
KHUMBU	1
KIAORA	1
KIARA	1
KIAYA	1
KIBA	1
KIEFER	1
KIERA REY	1
KIERIE	1
KILA	1
KILEY	1
KILLUA	1
KILTER	1
KIMBER RENAE	1
KIMCHI	1
KIMIKO	1
KINDLE	1
KINEO	1
KINGSLEY	1
KINJA	1
KINLEY LOVE	1
KINO	1
KINSEY	1
KINTLA	1
KISHA	1
KITSU	1
KITTY	1
KIVA	1
KIWI	1
KIYA	1
KIYAH	1
KIZZIE	1
KJ	1
KK	1
KLEIO	1
KLHOE	1
KLINK	1
KLOEE	1
KLUANE	1
KNEESA	1
KNIGHTLEY	1
KNIKI	1
KNOTTY	1
KO	1
KOBA	1
KOBIE	1
KODUH	1
KOHALA	1
KOHL	1
KOI	1
KOJI	1
KOKOA	1
KOKOMO	1
KOKONUT	1
KOKOPELLI	1
KOKORO	1
KOLA	1
KOLSCH	1
KONDOR	1
KONRAD	1
KOOKIE	1
KOOSKA	1
KORA	1
KOTCHA	1
KOTZEBUE	1
KOVEN	1
KOYUK	1
KRAMER	1
KRASH	1
KRAZEE	1
KRIEGER	1
KRISHNA	1
KRONUR	1
KRUZE	1
KRUZER T.	1
KUBEL	1
KUBLA KHAN	1
KUDA	1
KUKU	1
KUKUI	1
KULI	1
KULIK	1
KUNA	1
KUNUK	1
KUPAA	1
KURO	1
KURO KNIGHT	1
KUSKA	1
KUSKO	1
KYLA	1
KYLA REN	1
KYLIE	1
KYMBER	1
KYMI	1
KYNA	1
L. B.	1
LACE	1
LACI	1
LADY BELLA	1
LADY MARIE	1
LADY MOLLY	1
LADYBUG	1
LAGERTHA	1
LAHIA	1
LAILA	1
LAKA	1
LAKER	1
LAKOTA	1
LANCE	1
LANDON	1
LANEY	1
LANI	1
LAONA	1
LAPKA	1
LARSEN	1
LASKA	1
LASSIE	1
LATTE	1
LAXUS	1
LAYA	1
LAYCEE	1
LAYLO	1
LD GUINEVERE	1
LEA	1
LEASHA	1
LEE HONG	1
LEFFE	1
LEFTY	1
LEGEND	1
LEGO	1
LEILA	1
LEITO	1
LEMIEUX	1
LEONA	1
LEONIDIS	1
LEONITES	1
LEROY BROWN	1
LEROY BUSTER	1
LEULEU	1
LEX	1
LIBBY-LU	1
LICORICE	1
LIEBE	1
LIEUTENANT	1
LIGHTENING	1
LIGHTNING	1
LII	1
L'IKA	1
LIL	1
LIL BIT	1
LIL MOMMA	1
LILA BLUEBEL	1
LILI	1
LILIPUT	1
LILITH	1
LILLIANNA	1
LILLIE	1
LILY MAE	1
LILY SUE	1
LINA AYALA	1
LINDY	1
LINQ	1
LINUS	1
LIONEL	1
LISA	1
LITTLE BIT	1
LITTLE BUDDY	1
LITTLE BUG	1
LITTLE D	1
LITTLE GUY	1
LITTLE MAN	1
LIVER	1
LIZKA	1
LOAF	1
LODE	1
LOFTY	1
LOKELANI	1
LO-KEY	1
LOLA MANO	1
LOLLY	1
LOLLY POP	1
LOLO	1
LOMAX	1
LOOTKA	1
LORENZO	1
LOUIS	1
LOULOU	1
LOVAC	1
LOVEE	1
LOVEY	1
LOWKEY	1
LT	1
LUCA	1
LUCAS	1
LUCCA	1
LUCE	1
LUCIA	1
LUCIFER	1
LUCILLE	1
LUCIOUS	1
LUCUS	1
LUCY #2	1
LUCY LU	1
LUDO	1
LUEY	1
LUIGI	1
LUKKA	1
LULABELL	1
LULU B	1
LULU BELLE	1
LULU PEACHES	1
LUNA BLUE	1
LUNALA	1
LUNAR	1
LUPA	1
LUPIN	1
LUPINE	1
LUTHER	1
LYDIA	1
LYKO	1
LYNX	1
M&M	1
MAC TAVISH	1
MACGUIVER	1
MACGYVER	1
MACHO	1
MACK DIESEL	1
MACKEY	1
MADALYNN	1
MADDISON	1
MADDUX	1
MADI	1
MAELEE	1
MAEVE	1
MAEVIS	1
MAGIC	1
MAGNUM	1
MAGNUM MOSES	1
MAGNUS	1
MAGS	1
MAHAL KITA	1
MAIA	1
MAIZE	1
MAJOR SARGE	1
MAKARORA	1
MAKENA	1
MAKO	1
MAL	1
MALAKAI	1
MALIBU	1
MALLEY	1
MALO	1
MALP WINDY	1
MAMAS	1
MANCHA	1
MANLEY	1
MANUKA	1
MAPRAW	1
MARBLES	1
MARCELL	1
MARCI	1
MARGO	1
MARIO	1
MARISHKA	1
MARKER	1
MARLEE	1
MARLENA NOVA	1
MARLI	1
MARLO	1
MARRON	1
MARSY	1
MARTI	1
MARTIN	1
MARTINA	1
MARTINI	1
MARVI	1
MARVIN	1
MARY ANN	1
MATANUSKA	1
MATEO	1
MAURICE	1
MAUSI	1
MAUVI	1
MAVIS JEAN	1
MAX LEE	1
MAXI	1
MAXIE	1
MAXIMILLIAN	1
MAXIMILLION	1
MAXIMUSMAX	1
MAXINE	1
MAXX	1
MAYNARD	1
MAZEL	1
MAZIE	1
MAZY	1
MAZZY	1
MCGYVER	1
MCKENNA	1
MEAKAH	1
MEATHEAD	1
MEATY	1
MECHO 2	1
MEDUSA	1
MEE MEE	1
MEEKA	1
MEEKO	1
MEENA	1
MEESHKA	1
MEG	1
MEGAN	1
MEGG	1
MEKA	1
MEL	1
MELANIE	1
MELLA	1
MELLY	1
MELODY	1
MEMPHIS	1
MERICA	1
MERIDA	1
MERIWEATHER	1
MERLE	1
MERMENTO	1
MERRILL	1
MERRY XMAS	1
MESA	1
MESHACH	1
MIA (DULCI)	1
MIA BELLA	1
MICAH	1
MICHELLE	1
MICK	1
MICKY	1
MICKY D.	1
MIDORI	1
MIEMIE	1
MIKA	1
MIKAH	1
MIKI	1
MIKKI	1
MILKA	1
MILLER	1
MILO BLUE	1
MINA	1
MINDY	1
MING MING	1
MINGIN	1
MINI PEARL	1
MINX	1
MIOME	1
MIRACLE	1
MISCHIEF	1
MISHAA	1
MISHCA	1
MISS ELLY	1
MISS LACIE JANE	1
MISS LADY	1
MISS LUCY	1
MISS MOLLIE	1
MISSEY	1
MISTY ROSE	1
MITTIE	1
MITZI	1
MITZIE	1
MITZY	1
MIYA	1
MIYAH	1
MIZ SCARLETT	1
MIZUKI	1
MKAYLA	1
MOAB	1
MOCA	1
MOCCO	1
MOCHE	1
MOCHI	1
MOJITO	1
MOKA	1
MOLLY 2	1
MOLLY BROWN	1
MOLLY MAE	1
MOLLY MALONE	1
MOLNI	1
MONA	1
MONACO	1
MONCHERI	1
MONEY	1
MONTANA	1
MONTE CRISTO	1
MONTROSE	1
MOO	1
MOO MOO	1
MOOGIE	1
MOOJI	1
MOOKIE	1
MOON	1
MOONSHINE	1
MOOSHA	1
MOOSIE	1
MOREMI	1
MORRIE	1
MOSA	1
MOSBIE	1
MOSE	1
MOSHI	1
MOSI	1
MOSS	1
MOTCHO	1
MOTLEY	1
MOWGLI	1
MOXI	1
MOXXI	1
MOZZIE	1
MR BIG	1
MR DEEDS	1
MR. BEANS	1
MR. BELL	1
MR. BLUE	1
MR. BUGS	1
MR. DARCEY	1
MR.SMALL	1
MS LILIE	1
MU XU	1
MUDGE	1
MUESLI	1
MUFASA	1
MULDER	1
MULUMULU	1
MUMFORD	1
MUPPET	1
MURDOCH	1
MURDOCH SEAM	1
MURPHY ROSE	1
MURPHY'S LAW	1
MUSCOTO	1
MUSTI	1
MUTTLEY	1
MYA DAVILA	1
MYCROFT	1
MYLO	1
MYRA	1
MYRNA	1
MYSTIQUE	1
NAAZ	1
NABI	1
NAGI	1
NAHKOHE	1
NAIA	1
NAILS TOO	1
NAKI	1
NAKOMA	1
NALDO	1
NAMASTE	1
NANA	1
NANCY	1
NANTAHALA	1
NANUK	1
NAPALI	1
NAPOLIAN	1
NAPU	1
NASH	1
NATALYA	1
NATASHA	1
NATCHIQ	1
NATHLIE	1
NATIS	1
NAVA	1
NAVI	1
NAYLA	1
NAZ	1
NECA	1
NED	1
NEEKO	1
NEESA	1
NEESHA	1
NELLI	1
NELSON	1
NENA	1
NEPTUNE	1
NESSIE	1
NESTLE	1
NETTI	1
NEVE	1
NEVILLE	1
NEWBIE	1
NEWTON	1
NIBBLES	1
NICKOLAS	1
NICOH	1
NIFFLER	1
NIGEL	1
NIKA MARIE	1
NIKISKI	1
NIKODEMUS	1
NIKU	1
NILCHIK	1
NILLA VANILL	1
NILLI WAFER	1
NIMH	1
NINO	1
NISKA	1
NISMO	1
NIZINA	1
NOA	1
NOBLE	1
NOCTA	1
NOLLAIG	1
NOODLE	1
NOOKAH	1
NOOSHKA	1
NOOT	1
NORI	1
NORSE	1
NOSEGOES	1
NOSSI	1
NOVAK	1
NOVALEE	1
NOVI	1
NUCITA	1
NUGGETS	1
NUMBER 2	1
NUNA	1
NUNATAK	1
NUNU	1
NUSHKA	1
NUTMEG	1
NYEA	1
NYKE	1
NYSSA	1
OAKIE	1
OAXACA JOE	1
OBIE	1
OBIWAN	1
OBI-WAN	1
OCEAN	1
OCHO	1
OCTAVIOUS	1
ODELL	1
ODERUS	1
ODO	1
ODYSSEUS	1
OGUN	1
OH	1
OJITOS	1
OKAMI	1
OKEE	1
OLA	1
OLD PULTENEY	1
OLE	1
OLIVERFENWAY	1
OLLI	1
OLSEN	1
O'LUCKY	1
OMA	1
OMAR	1
ONYAH	1
OOKA	1
OOLJEE	1
OONA	1
OPAH	1
OPTIMUS	1
OPUS	1
ORCA	1
ORKA	1
ORLY	1
ORPHIE	1
ORZO	1
OSA	1
OSHIE	1
OSLO	1
OSO SPUNKY	1
OTI	1
OTTIS	1
OTTO GEIST	1
PABLO	1
PAGAN	1
PAGE	1
PAIGE	1
PAISLEY	1
PALEY	1
PALIN	1
PALO	1
PALOOPA	1
PANCAKE	1
PANCH	1
PANCHO	1
PANDORA	1
PANINI	1
PANZER	1
PATERSON	1
PATIENCE	1
PATRICK	1
PATRIOT	1
PATRON	1
PATSY	1
PATTI	1
PAXON	1
PEA	1
PEACHES ANNE	1
PEAK	1
PEARL SHEMYA	1
PEASLEY	1
PEAT	1
PEDEY	1
PEEBODY	1
PEEKABOO	1
PELLY	1
PENNIE	1
PENNYWOLF	1
PEP	1
PEPE LE PEAU	1
PEPPA	1
PEPPER ANN	1
PEPPER LOU	1
PEPPERMINT PATTY	1
PEPSI	1
PEPSI K-OZ	1
PEQUENO	1
PER	1
PERCEUS	1
PERRY	1
PERU	1
PESO	1
PESTO	1
PETA	1
PETEE	1
PETEY JANE	1
PETIE	1
PEYTON	1
PHACKUPPIE	1
PHEDRA	1
PHEONIX	1
PHIL	1
PHILLY	1
PHINEAUS	1
PHINNEAS	1
PHUBHU	1
PHYLLIS DILLER	1
PI	1
PICARD	1
PIGGLES	1
PILAR	1
PINCIA	1
PINECONE	1
PINKIE PIE	1
PINOT	1
PINT	1
PIP	1
PIPPI	1
PIPPY	1
PISTOL	1
PISTOL PETE	1
PIXIE DIXIE	1
PJ	1
PLACER	1
PLATO	1
PLAYA	1
PLAYER	1
PLINY	1
PLUM	1
PLUTO	1
POCCA	1
POCHI	1
POCKET	1
POCKETS	1
POCO	1
POE	1
POKEY	1
POKITZ	1
POLA	1
POLAR EXPRES	1
POLDI	1
POLU	1
POMMY	1
PONG PONG	1
PONGO	1
PONO	1
POO-CHIE	1
POODLE	1
POOH	1
POOKAH	1
POOPER	1
POOPIE	1
POOPY	1
POPO	1
POPPY JO	1
PORK CHOP	1
PORKCHOP	1
PORSCHA	1
PORTHOS	1
POWND	1
POYKA	1
PREACHER	1
PRESTO	1
PRETZEL	1
PRIMROSE	1
PRIN. KAMIRA	1
PRINCE FREDR	1
PRINCESS LEA	1
PRINCESS PEA	1
PRINCESSA	1
PRINCETON	1
PRISCILLA	1
PRISSY	1
PRO.FINBAR	1
PRYN	1
PSYCH	1
PUAKO	1
PUCK	1
PUDDLE	1
PUDGE	1
PUERQUITO	1
PUFF	1
PUFFIN	1
PUHN-KIN	1
PUK PUY	1
PUKI	1
PUKU	1
PUMPKIN	1
PUNKIN	1
PURDY	1
PURPLE RAIN	1
PUTTER	1
PUZON	1
PUZZLES	1
PY	1
Q	1
QIVLIQ	1
QUARTZ	1
QUAVO	1
QUE	1
QUELO	1
QUESSI	1
QUEST	1
QUIANA	1
QUIGLEY	1
QUINCY	1
QUOYLE	1
R2	1
RA	1
RACHEL	1
RACHELL	1
RAEDO	1
RAGS	1
RAIDEN	1
RAIN	1
RAINFLY	1
RAIVO	1
RAIZO	1
RAJ	1
RALLY	1
RAMON	1
RAMSEY	1
RANDALL	1
RANGITIKEI	1
RASHA	1
RASTUS	1
RAT DOG	1
RATON	1
RAVYN	1
RAWLEY	1
RAYANN	1
RAYNIE MAE	1
RAZ	1
RAZZLE	1
REAGAN	1
REBA JEAN	1
RECOIL	1
RECON	1
RED BULL	1
REDD	1
REDDI	1
REDDY	1
REESES	1
REGINALD	1
REIDELL	1
REIGN	1
REIKER	1
REILEY	1
REKA	1
RELLA	1
REMMINGTON	1
REN	1
RENA	1
RENI	1
RENLEY	1
RENNY	1
REPTAR	1
REUBEN	1
REV	1
REVOLVER	1
REYES	1
RHAEGAL	1
RHAEGER	1
RHAETIA	1
RHEE	1
RHETT	1
RHU	1
RIA	1
RIBBON	1
RIBS	1
RICHTER	1
RICKI	1
RICOO	1
RIDLEY	1
RIFLE	1
RIGGINS	1
RIGGS	1
RIGLEY	1
RIHANNA	1
RIKU	1
RILEE	1
RILEY HOOD	1
RILEY TWO	1
RILIAN	1
RINCON	1
RINGO STAR	1
RIP	1
RIPLEY 2	1
RIPPER	1
RIPPLE	1
RIPPLY	1
RIPTIDE	1
RISKY	1
RITA	1
RIVERS	1
RIVET	1
RIZZLE	1
RJ SHILO	1
ROANOKEE	1
ROARK	1
ROBBIE JR	1
ROBESON	1
ROBIN	1
ROBIN HOOD	1
ROCK	1
ROCKET E	1
ROCKETT	1
ROCKIE	1
ROCKS	1
ROCKSIE	1
ROCKSTAR	1
ROCKY BLUE	1
ROCKY II	1
ROCKY ROAD	1
RODDY	1
RODEY	1
RODRIGO	1
ROE	1
ROGAN	1
ROIE	1
ROKI	1
ROLAND	1
ROLLIE	1
ROLLO	1
ROMAC	1
ROMANY BROWN	1
ROME	1
RON	1
RONDO	1
RONDY	1
ROO!	1
ROONEY	1
RORI	1
ROSALINE	1
ROSCO HERRMA	1
ROSEBUD	1
ROSEE	1
ROSEMARY	1
ROSIE DEE	1
ROSS	1
ROSY	1
ROUSER	1
ROUSEY MAY	1
ROWZER	1
ROXII	1
ROXXY	1
ROY	1
ROZSA	1
RUBEN	1
RUBERT (RUBY	1
RUBIO	1
RUBY DELICOU	1
RUCA	1
RUCKEE	1
RUCKUS	1
RUDOLPH	1
RUGER MATHE	1
RUGGLES	1
RUKA	1
RULA	1
RUMBLE	1
RUTGER	1
RUTH	1
RUTHIE	1
RYA	1
RYLEE	1
RYOGA	1
S	1
S KIE	1
SABAKA	1
SABER	1
SABRINA	1
SACHI	1
SADIE BROWN	1
SADIE GIRL	1
SADIE MAE	1
SAFFRON	1
SAHIRA	1
SAIDAH	1
SAIGE	1
SAILISH	1
SAINT ELIAS	1
SAKA	1
SAKA MOTO	1
SAKARI ESKA	1
SAKI	1
SAKURA	1
SALA	1
SALEM	1
SALTY	1
SALUKI GIRL	1
SAMARA	1
SAMBA	1
SAMBO	1
SAMII	1
SAMUEL	1
SANCHO	1
SAND PEBBLES	1
SANDI	1
SANDIE	1
SANDY GIRL	1
SANDY PALMER	1
SANTIAGO	1
SANTINO	1
SAPHIRE	1
SARAFINA	1
SARGENT	1
SASCHA	1
SATCHEL	1
SATCHMO	1
SATO	1
SCAMPERS	1
SCAMPY	1
SCARFACE	1
SCHATZI	1
SCHATZY	1
SCHOONER	1
SCHROEDER	1
SCHULER	1
SCOTTY	1
SCRAMBLES	1
SCRAPS	1
SCRATCH	1
SCRUFFERS	1
SEABRO	1
SEAMORE	1
SEDONA PIP	1
SEELEY	1
SENECA	1
SENETORI	1
SEQUOIA	1
SERA	1
SERGIO	1
SEVERAS	1
SEVETTA	1
SHABLU	1
SHAKIE	1
SHAMROCK	1
SHANA	1
SHANNON	1
SHANOOK	1
SHARIK	1
SHARPIE	1
SHASHA	1
SHAWN	1
SHAWNI	1
SHAYMUS	1
SHEBAH BEAR	1
SHEEBAH	1
SHEENA	1
SHEILA	1
SHELL	1
SHEP	1
SHERPA	1
SHIBA	1
SHIPPO	1
SHOESHINE	1
SHORT STACK	1
SHORTI	1
SHOSHANA	1
SHY BOY	1
SHYANNE	1
SHYLO	1
SHYTIA	1
SIF	1
SIG	1
SIGNE	1
SIKU	1
SILKIE	1
SILSA	1
SILVER BELLE	1
SILVIE	1
SIMKA	1
SIMOND	1
SIN TU	1
SINATRA	1
SINJIN	1
SIPSEY	1
SIR	1
SIR CHIEF	1
SIR FRANCIS	1
SIR JAKE	1
SIR LOIN TIP	1
SISCO	1
SISU	1
SITKA ROSE	1
SKADI	1
SKADTHI	1
SKAGIT	1
SKEEZ	1
SKEEZIX	1
SKI	1
SKIMO	1
SKIP	1
SKIPPER LEE	1
SKODA	1
SKYLAR	1
SKYLER	1
SLAPPY	1
SLATER	1
SLEEPY	1
SLIPPERS	1
SLOOPY	1
SMEAGLE	1
SMIKE	1
SMOKIE	1
SMOKIN JOE	1
SMOKY	1
SMOLTZ	1
SNIFFY	1
SNIPER	1
SNOOP	1
SNORT	1
SNOW BALL	1
SNOWEE	1
SNOWFLAKE	1
SNOWFLY	1
SNUFFLES	1
SNUFFY	1
SNUGGLES	1
SOCRATES	1
SOFIA	1
SOFIE	1
SOLAR	1
SOLDAT	1
SOLEIL	1
SONJA	1
SONNE	1
SONNIE	1
SONOMA	1
SONYA	1
SOOKIE	1
SORELLE	1
SOUNDER	1
SPANKY	1
SPARKER	1
SPARKLE	1
SPARKLE GIRL	1
SPARKLES	1
SPARKS	1
SPARROW	1
SPARTACUS	1
SPARTICA	1
SPECIAL	1
SPECK	1
SPECKLES	1
SPIKES	1
SPOOK	1
SPORT	1
SPOTAN	1
SPREE	1
SPRINGZ	1
SPRITES	1
SPRITZEN	1
SPRUCE	1
SPUD	1
SPUDD	1
SPUDS	1
SPUR	1
SPYDER	1
SQUALL	1
SQUARE	1
SQUEEK	1
SQUIRM	1
SQUIRT	1
STACHE	1
STALEY BEAR	1
STAMPIE	1
STARK	1
STARSKY	1
STEIN	1
STELLA BLUE	1
STELLA.LUNA	1
STEWART	1
STITCH	1
STONEY	1
STORMIE	1
STORMY JACK	1
STOUT	1
STRAW	1
STRYDER	1
STUARTLITTLE	1
STUBBS	1
SUBIE	1
SUE-SUE	1
SUFJAN	1
SUGARPLUM	1
SULLY	1
SULU	1
SUMITT	1
SUMMER THYME	1
SUMMITT	1
SUNDANCE	1
SUNFLOWER	1
SURF	1
SURRI	1
SUSIE Q II	1
SUSSI	1
SUZI	1
SUZIE Q	1
SUZY	1
SWEENEY	1
SWEETIE PIE	1
SWEETNESS	1
SWEETS	1
SWIPER	1
SWIVEL	1
SWIVEL SHOT	1
SYDNEY MARIE	1
SYLAR	1
T REX	1
T. C.	1
T.REXI	1
TACKLA	1
TAESHIA	1
TAILOR	1
TAITTI	1
TAKA	1
TAKU DENALI	1
TALACHULITNA	1
TALI	1
TALLUAH	1
TAMAR	1
TAMARI	1
TAMI	1
TANAINA	1
TANGIE	1
TANNA	1
TANNY	1
TANZA	1
TAPPER	1
TAR	1
TARKUS	1
TART	1
TASER	1
TASHA-BELLE	1
TATER TOTT	1
TATIA	1
TATIANA	1
TATIYANNA	1
TAWNY	1
TAXI	1
TAZI	1
TAZO	1
TAZZ	1
TAZZEE	1
TAZZIE	1
TBONE	1
T-BOW	1
TEAL	1
TECKLA	1
TEDDY BEAR	1
TEDDY RUXPIN	1
TEETE	1
TEGAN	1
TEINE	1
TEKO	1
TEL DOR	1
TEMP	1
TENAKEE	1
TERRA	1
TESSY	1
TETSUO	1
TEVA	1
THADDEUS	1
THE DUDE	1
THEADORA	1
THELMA	1
THOMAS	1
THORA	1
THUNDER SALL	1
TIANA	1
TIARA	1
TIBERIUS	1
TICANI	1
TIDBIT	1
TIGEY	1
TIGGY	1
TIKANI PEARL	1
TIKKI	1
TILA	1
TILLAMOOK	1
TILLIE	1
TILT	1
TIMBA	1
TIMBRE	1
TIMOTHY	1
TINE	1
TINGNOI	1
TINKA	1
TINO	1
TIP	1
TIPPER	1
TIPPIT	1
TISHKA	1
TK	1
TOBIN	1
TOBLERONE	1
TOBY II	1
TOJI	1
TOKEN	1
TOKI	1
TOKLAT	1
TOLI	1
TOLMIN	1
TOMEO	1
TOMMY	1
TOMODASHI II	1
TONY	1
TOO TOO	1
TOOLI	1
TOOT	1
TOPO	1
TOPPER	1
TORO	1
TORPEDO	1
TORQUE	1
TOVI DAN	1
TOVIA	1
TOWELIE	1
TOYA	1
TRACY	1
TRANGO	1
TRAVELER	1
TREK	1
TREX	1
TREY	1
TRILEBOO	1
TRIP	1
TRISCUIT	1
TROUBLE TOO	1
TROUPER	1
TROUT	1
TRUCK	1
TRUE	1
TRUFFLES	1
TRUMP	1
TRYGG	1
TSUGA	1
TUBBY	1
TUBS	1
TUCKER ROO	1
TUGARUS	1
TUGG	1
TUGGER	1
TUK	1
TUKO	1
TULIP	1
TULLA	1
TULLY	1
TULO	1
TUNA	1
TUNDRA JADE	1
TUPE	1
TUPIN	1
TURK	1
TURKEY	1
TURKISH	1
TUSKER	1
TUT	1
TUTSI	1
TUULI	1
TUXEDO	1
TWIGGY	1
TWILAH	1
TWINK	1
TWITTER	1
TWIX	1
TY	1
TYCHO	1
TYGA	1
TYGE	1
TYR	1
UELI	1
UKIAH	1
ULBRECHT	1
ULLA	1
ULLAR	1
ULLE	1
ULLER	1
UMA	1
UMBRO	1
URSA	1
URSUS	1
USCHI	1
USZKA	1
UUVA JOY	1
VALENTINE	1
VALENTINO	1
VALERIE	1
VALLEY	1
VANILLA	1
VATO	1
VAUGHN	1
VELLA MARIE	1
VELMA	1
VENN	1
VENNY	1
VENTA GUMS	1
VENTI	1
VENUS	1
VERDE	1
VERN	1
VESPA	1
VIA	1
VIDA	1
VIDA LOCA	1
VIENNA	1
VIGO	1
VINCENZO	1
VITO	1
VIVA	1
VIVEE	1
VIVIAN	1
VLADIMIR	1
VOLTA	1
VOODOO	1
W	1
WABB	1
WALDO	1
WALDO V	1
WALLEY	1
WALNUT	1
WAYLON	1
WEASEL	1
WEDGE	1
WEENIE	1
WELLER	1
WELLINGTON	1
WENDELL	1
WENSLEY	1
WESLEY	1
WESTWOOD	1
WHEELER	1
WHIMSY	1
WHINNIE	1
WHIRRLEY	1
WHISKEY GIRL	1
WHISKEY JACK	1
WHISPER	1
WHITE BOY	1
WICKET	1
WIGGLES	1
WILBUR	1
WILE E	1
WILEY COYOTE	1
WILHELMINA	1
WILL	1
WILLIAM	1
WILLIWAW	1
WILLOU	1
WILLOW KAYA	1
WILLS	1
WILMA	1
WIM HOF	1
WIMBLY	1
WINIFRED	1
WINNIFRED	1
WINSTON CHUR	1
WINSTON II	1
WINTER	1
WIZARD	1
WOLFE	1
WOLFIE	1
WOODY BOUDRO	1
WOOTER	1
WOOTIE	1
WOPPER	1
WRANGLE	1
WRANGLER	1
WRIGGLEY	1
WRINKLES	1
WULA	1
WYLIE	1
WYNN	1
WYNNIE	1
X	1
XAADAS	1
XAN	1
XANDER BEAR	1
XENA WOOD	1
XENIA	1
XERXES	1
XINA	1
XOCHITL	1
YAGER	1
YAHTZEE	1
YALLA	1
YARROW	1
YAYO	1
YIPPEE	1
YKSI	1
YOBO	1
YOLI	1
YOLO	1
YONA	1
YOSHI	1
YSABEAU	1
YUGI	1
YUM YUM	1
YUMI	1
YURI	1
YUUKO	1
ZACK	1
ZADER	1
ZADIE	1
ZAE	1
ZAHA	1
ZAK	1
ZAMA	1
ZAMBI	1
ZAMBO	1
ZANDER	1
ZANE	1
ZARA	1
ZAYCA	1
ZEAL	1
ZEB	1
ZEEKE	1
ZEEV	1
ZEEVA	1
ZEEVAH	1
ZEISHA	1
ZEN	1
ZENDOR	1
ZEPPA	1
ZEYA	1
ZIESA	1
ZIGGS	1
ZIGMOND	1
ZILI	1
ZILKER	1
ZIMA	1
ZINA	1
ZIP	1
ZIPPY KITTY	1
ZIVA RANAE	1
ZOE ROSE	1
ZOEY DAISY	1
ZOEY MARIE	1
ZONA	1
ZOOIE	1
ZOOM	1
ZORRA	1
ZOTTER	1
ZSA ZSA	1
ZUILA	1
ZUMA	1
ZUNA	1
ZUNI	1
ZYRT	1
